{"cameraMode":{"drawMode":0,"name":"Shaded","section":"Shading Mode"},"sceneLighting":true,"audioPlay":false,"sceneViewState":{"showFog":true,"showMaterialUpdate":false,"showSkybox":true,"showFlares":true,"showImageEffects":true,"showParticleSystems":true},"in2DMode":false,"pivot":{"x":-2.9883673191070558,"y":0.19738560914993287,"z":-1.176483392715454},"rotation":{"x":0.00607913127169013,"y":-0.8631874322891235,"z":0.5048264265060425,"w":0.010346606373786927},"size":12.661323547363282,"orthographic":false}