{"cameraMode":{"drawMode":0,"name":"Shaded","section":"Shading Mode"},"sceneLighting":true,"audioPlay":false,"sceneViewState":{"showFog":true,"showMaterialUpdate":false,"showSkybox":true,"showFlares":true,"showImageEffects":true,"showParticleSystems":true},"in2DMode":false,"pivot":{"x":-0.5530767440795898,"y":3.9315690994262697,"z":2.890120029449463},"rotation":{"x":0.00607913127169013,"y":-0.8631874322891235,"z":0.5048264265060425,"w":0.010346606373786927},"size":6.849998474121094,"orthographic":false}