{"cameraMode":{"drawMode":0,"name":"Shaded","section":"Shading Mode"},"sceneLighting":true,"audioPlay":false,"sceneViewState":{"showFog":true,"showMaterialUpdate":false,"showSkybox":true,"showFlares":true,"showImageEffects":true,"showParticleSystems":true},"in2DMode":false,"pivot":{"x":-0.6959947347640991,"y":-2.640655755996704,"z":-1.9441213607788087},"rotation":{"x":0.00607913127169013,"y":-0.8631874322891235,"z":0.5048264265060425,"w":0.010346606373786927},"size":15.693896293640137,"orthographic":false}