{"cameraMode":{"drawMode":0,"name":"Shaded","section":"Shading Mode"},"sceneLighting":true,"audioPlay":false,"sceneViewState":{"showFog":true,"showMaterialUpdate":false,"showSkybox":true,"showFlares":true,"showImageEffects":true,"showParticleSystems":true},"in2DMode":false,"pivot":{"x":-0.9229336977005005,"y":-4.320084571838379,"z":-2.551473617553711},"rotation":{"x":0.003048144979402423,"y":-0.8875597715377808,"z":0.46071791648864748,"w":0.005853481125086546},"size":9.550000190734864,"orthographic":false}