{"cameraMode":{"drawMode":0,"name":"Shaded","section":"Shading Mode"},"sceneLighting":true,"audioPlay":false,"sceneViewState":{"showFog":true,"showMaterialUpdate":false,"showSkybox":true,"showFlares":true,"showImageEffects":true,"showParticleSystems":true},"in2DMode":false,"pivot":{"x":0.9691967964172363,"y":-3.795292854309082,"z":-0.5182282328605652},"rotation":{"x":0.4110907018184662,"y":0.5714964270591736,"z":-0.4006201922893524,"w":0.5864327549934387},"size":16.014583587646486,"orthographic":false}